District,Mandal,Total_Demand_Tons,Cattle_Demand,Buffaloes_Demand,Sheep_Demand,Goat_Demand,Pig_Demand,Poultry_Demand
ALLURI SITARAMA RAJU,Addateegala,39042.6,29730.800000000003,6986.2,169.5,2132.1,24.0,0.0
ALLURI SITARAMA RAJU,Ananthagiri,87521.2,60273.4,15522.0,4691.099999999999,7034.7,0.0,0.0
ALLURI SITARAMA RAJU,Araku Valley,84398.7,62348.00000000001,12727.0,4760.4,4563.3,0.0,0.0
ALLURI SITARAMA RAJU,Chinthapalli,85342.40000000001,68362.8,8860.800000000001,2350.5,5615.099999999999,153.20000000000002,0.0
ALLURI SITARAMA RAJU,Chinturu,132640.6,100819.40000000001,16569.8,671.4,14580.0,0.0,0.0
ALLURI SITARAMA RAJU,Devipatnam,36507.30000000001,25165.800000000003,7742.8,642.9,2863.7999999999997,92.0,0.0
ALLURI SITARAMA RAJU,Dumbriguda,55744.700000000004,46741.200000000004,3224.0,3520.5,1937.3999999999999,321.6,0.0
ALLURI SITARAMA RAJU,G.Madugula,73634.70000000001,60249.200000000004,7381.400000000001,1182.3,4771.8,50.0,0.0
ALLURI SITARAMA RAJU,Gangavaram,25029.300000000003,18323.800000000003,4230.2,593.1,1882.1999999999998,0.0,0.0
ALLURI SITARAMA RAJU,Gudem KothaVeedhi,102449.7,93825.6,959.4,1088.3999999999999,6452.7,123.60000000000001,0.0
ALLURI SITARAMA RAJU,Hukumpeta,87543.8,75763.6,912.6,4548.0,6277.2,42.400000000000006,0.0
ALLURI SITARAMA RAJU,Koyyuru,81819.0,73139.0,3452.8,651.9,4575.3,0.0,0.0
ALLURI SITARAMA RAJU,Kunavaram,52203.9,41463.4,6819.8,711.6,3209.1,0.0,0.0
ALLURI SITARAMA RAJU,Maredumilli,58257.700000000004,55800.8,483.6,0.0,1848.8999999999999,124.4,0.0
ALLURI SITARAMA RAJU,MunchingiPuttu,59154.5,46028.4,8145.8,1997.6999999999998,2933.4,49.2,0.0
ALLURI SITARAMA RAJU,Paderu,85894.2,64004.600000000006,11143.6,3566.7,7140.9,38.400000000000006,0.0
ALLURI SITARAMA RAJU,PedaBayalu,65382.799999999996,47671.8,13356.2,1999.1999999999998,2355.6,0.0,0.0
ALLURI SITARAMA RAJU,Rajavommangi,47881.799999999996,34793.0,10301.2,634.5,2153.1,0.0,0.0
ALLURI SITARAMA RAJU,Rampachodavaram,45265.8,36669.600000000006,3575.0,227.4,4762.2,31.6,0.0
ALLURI SITARAMA RAJU,Vararamachandrapuram,56293.50000000001,41674.600000000006,9861.800000000001,943.1999999999999,3813.8999999999996,0.0,0.0
ALLURI SITARAMA RAJU,Y.Ramavaram,47558.5,42358.8,871.0,0.0,4303.5,25.200000000000003,0.0
ANAKAPALLI,Anakapalli,46301.200000000004,12938.2,30430.4,1203.0,1388.3999999999999,341.20000000000005,0.0
ANAKAPALLI,Atchutapuram,39696.9,19386.4,18540.600000000002,798.0,912.3,59.6,0.0
ANAKAPALLI,Butchayyapeta,39004.200000000004,12749.000000000002,21798.4,2503.7999999999997,1798.2,154.8,0.0
ANAKAPALLI,Cheedikada,45341.80000000001,18997.0,24325.600000000002,1064.3999999999999,924.0,30.8,0.0
ANAKAPALLI,Chodavaram,49678.3,25951.2,20898.8,1051.5,1632.0,144.8,0.0
ANAKAPALLI,Devarapalli,40548.9,11521.400000000001,26361.4,1146.6,1467.8999999999999,51.6,0.0
ANAKAPALLI,Golugonda,29244.5,9539.2,17147.0,929.4,1568.1,60.800000000000004,0.0
ANAKAPALLI,K.Kotapadu,68089.2,27141.4,36524.8,2009.1,2173.5,240.4,0.0
ANAKAPALLI,Kasimkota,40175.5,9721.800000000001,26795.600000000002,1365.0,2255.1,38.0,0.0
ANAKAPALLI,Kotauratla,59727.9,20963.800000000003,35648.6,1448.3999999999999,1639.5,27.6,0.0
ANAKAPALLI,Makavarapalem,34708.100000000006,7381.000000000001,23891.4,1500.8999999999999,1894.8,40.0,0.0
ANAKAPALLI,Munagapaka,29376.800000000003,14115.2,13657.800000000001,1048.2,505.2,50.400000000000006,0.0
ANAKAPALLI,Nakkapalli,41523.200000000004,3592.6000000000004,32494.800000000003,3702.2999999999997,1713.8999999999999,19.6,0.0
ANAKAPALLI,Narsipatnam,23706.5,3660.8,18369.0,937.1999999999999,651.9,87.60000000000001,0.0
ANAKAPALLI,Nathavaram,57568.6,16704.600000000002,37468.6,1338.8999999999999,1931.6999999999998,124.80000000000001,0.0
ANAKAPALLI,Parawada,43397.000000000015,12401.400000000001,29281.2,691.8,1009.8,12.8,0.0
ANAKAPALLI,Payakaraopeta,53632.00000000001,6058.8,44194.8,1997.3999999999999,1379.3999999999999,1.6,0.0
ANAKAPALLI,Rambilli,53713.600000000006,24457.4,26046.8,1974.3,1212.3,22.8,0.0
ANAKAPALLI,Ravikamatham,35845.4,9728.400000000001,22055.8,1993.5,2007.3,60.400000000000006,0.0
ANAKAPALLI,Rolugunta,31077.2,10071.6,18197.4,1492.2,1261.2,54.800000000000004,0.0
ANAKAPALLI,S.Rayavaram,45215.5,9845.0,32201.0,1962.8999999999999,1167.0,39.6,0.0
ANAKAPALLI,Sabbavaram,41297.299999999996,16594.600000000002,22591.4,919.1999999999999,995.6999999999999,196.4,0.0
ANAKAPALLI,V.Madugula,42621.399999999994,19118.0,20475.0,811.1999999999999,2064.0,153.20000000000002,0.0
ANAKAPALLI,Yelamanchili,31872.2,10595.2,19942.0,624.0,658.1999999999999,52.800000000000004,0.0
ANANTAPUR,ANANTHAPURAM,83939.0,21045.2,24973.0,31212.3,5528.099999999999,1180.4,0.0
ANANTAPUR,Atmakur,70486.8,19819.800000000003,12909.0,33516.299999999996,4241.7,0.0,0.0
ANANTAPUR,Beluguppa,49985.600000000006,23606.000000000004,16455.4,7654.2,2149.2,120.80000000000001,0.0
ANANTAPUR,Bommanahal,60793.2,26765.2,20350.2,10987.8,2620.7999999999997,69.2,0.0
ANANTAPUR,Brahmasamudram,64436.7,28173.2,18148.0,13792.5,4243.8,79.2,0.0
ANANTAPUR,BUKKARAYASAMUDRAM,84454.09999999999,15448.400000000001,36314.200000000004,30116.699999999997,2330.4,244.4,0.0
ANANTAPUR,D.Hirehal,50087.00000000001,20125.600000000002,10002.2,14158.5,5541.9,258.8,0.0
ANANTAPUR,Garladinne,63579.19999999999,20900.0,28332.2,12487.199999999999,1686.6,173.20000000000002,0.0
ANANTAPUR,Gooty,48816.299999999996,16062.2,15805.4,14525.699999999999,2244.6,178.4,0.0
ANANTAPUR,Gummagatta,51456.8,22820.600000000002,12027.6,12302.699999999999,4275.9,30.0,0.0
ANANTAPUR,Guntakal,71421.20000000001,22235.4,24588.2,21328.2,3181.7999999999997,87.60000000000001,0.0
ANANTAPUR,Kalyandurg,95824.30000000002,38561.600000000006,19068.4,30345.899999999998,7455.599999999999,392.8,0.0
ANANTAPUR,Kambadur,83922.4,29693.4,16845.4,31629.6,5754.0,0.0,0.0
ANANTAPUR,Kanekal,55972.6,25359.4,20576.4,7637.7,2267.1,132.0,0.0
ANANTAPUR,Kudair,61143.7,23683.000000000004,12935.0,20806.5,3663.6,55.6,0.0
ANANTAPUR,Kundurpi,64967.700000000004,27757.4,16793.4,16385.1,3799.7999999999997,232.0,0.0
ANANTAPUR,Narpala,71283.3,17001.600000000002,31688.8,19409.7,3061.2,122.0,0.0
ANANTAPUR,Pamidi,51009.40000000001,20127.800000000003,15327.0,13447.8,1958.3999999999999,148.4,0.0
ANANTAPUR,Peddapappur,38557.0,9325.800000000001,18538.0,8841.0,1695.0,157.20000000000002,0.0
ANANTAPUR,Peddavadugur,80110.6,32903.200000000004,25612.600000000002,17947.8,3535.7999999999997,111.2,0.0
ANANTAPUR,Putlur,34872.5,5922.400000000001,15197.0,11485.199999999999,2239.5,28.400000000000002,0.0
ANANTAPUR,Rapthadu,69099.9,21249.800000000003,7098.0,38133.6,2564.1,54.400000000000006,0.0
ANANTAPUR,Rayadurg,51580.19999999999,22077.0,12953.2,11047.199999999999,5281.2,221.60000000000002,0.0
ANANTAPUR,Settur,49296.299999999996,20768.0,12365.6,13720.8,2369.1,72.8,0.0
ANANTAPUR,Singanamala,74587.00000000001,14075.6,19510.4,38423.1,2225.1,352.8,0.0
ANANTAPUR,Tadipathri,74963.7,9726.2,39189.8,22072.2,3422.7,552.8000000000001,0.0
ANANTAPUR,Uravakonda,61288.20000000001,23883.2,12329.2,20641.2,3943.7999999999997,490.8,0.0
ANANTAPUR,Vajrakarur,48716.40000000001,25689.4,10392.2,9941.4,2657.4,36.0,0.0
ANANTAPUR,Vidapanakal,50463.4,29086.2,13390.0,6533.4,1315.8,138.0,0.0
ANANTAPUR,Yadiki,47429.4,9928.6,19172.4,14889.0,3264.6,174.8,0.0
ANANTAPUR,Yellanur,65676.49999999999,5748.6,42187.6,14646.0,3003.9,90.4,0.0
ANNAMAYYA,B.Kothakota,52036.5,32491.800000000003,1029.6000000000001,16204.8,2238.2999999999997,72.0,0.0
ANNAMAYYA,Chinnamandem,41316.2,14680.6,4732.0,17880.3,4023.2999999999997,0.0,0.0
ANNAMAYYA,Chitvel,22880.300000000003,3064.6000000000004,16320.2,1526.1,1959.0,10.4,0.0
ANNAMAYYA,Galiveedu,56325.49999999999,21586.4,16972.8,12722.699999999999,5043.599999999999,0.0,0.0
ANNAMAYYA,Gurramkonda,42672.700000000004,29458.000000000004,236.6,9658.199999999999,3253.5,66.4,0.0
ANNAMAYYA,Kalakada,38466.8,22246.4,447.2,13956.3,1779.3,37.6,0.0
ANNAMAYYA,Kalikiri,42588.6,32740.4,223.6,7751.7,1712.1,160.8,0.0
ANNAMAYYA,Kambhamvaripalle,64579.600000000006,39076.4,699.4,19864.8,4915.8,23.200000000000003,0.0
ANNAMAYYA,Kurabalakota,43395.0,33200.200000000004,161.20000000000002,8570.699999999999,1414.5,48.400000000000006,0.0
ANNAMAYYA,Lakkireddipalli,53285.100000000006,19060.800000000003,22347.0,7882.2,3918.2999999999997,76.80000000000001,0.0
ANNAMAYYA,Madanapalle,71342.7,56337.600000000006,2371.2000000000003,9119.4,3452.1,62.400000000000006,0.0
ANNAMAYYA,Mulakalacheruvu,42321.799999999996,24730.2,1016.6,14033.699999999999,2480.1,61.2,0.0
ANNAMAYYA,Nandalur,27156.5,8170.800000000001,15522.0,1548.6,1783.5,131.6,0.0
ANNAMAYYA,Nimmanapalle,42559.899999999994,33096.8,67.60000000000001,7833.299999999999,1551.0,11.200000000000001,0.0
ANNAMAYYA,Obulavaripalle,19384.500000000004,3033.8,13725.4,1292.3999999999999,1324.5,8.4,0.0
ANNAMAYYA,Peddamandyam,45507.200000000004,21223.4,1664.0,18701.7,3881.7,36.4,0.0
ANNAMAYYA,PEDDATHIPPASAMUDRAM,56577.5,31389.600000000002,1674.4,20502.6,2938.5,72.4,0.0
ANNAMAYYA,Penagaluru,31018.000000000004,4235.0,21413.600000000002,2593.5,2775.9,0.0,0.0
ANNAMAYYA,Pileru,46472.7,37543.0,813.8000000000001,6313.2,1802.7,0.0,0.0
ANNAMAYYA,Pullampeta,22274.600000000002,2288.0,16403.4,1157.7,2347.5,78.0,0.0
ANNAMAYYA,RAILWAY KODUR,22738.0,3471.6000000000004,16335.800000000001,1383.0,1420.8,126.80000000000001,0.0
ANNAMAYYA,Rajampet,37290.1,4807.0,25950.600000000002,2993.7,3223.2,315.6,0.0
ANNAMAYYA,Ramapuram,54997.4,13690.6,27396.2,9946.5,3956.1,8.0,0.0
ANNAMAYYA,Ramasamudram,45325.100000000006,33261.8,657.8000000000001,9692.1,1687.8,25.6,0.0
ANNAMAYYA,Rayachoti,52933.4,10788.800000000001,25022.4,13651.8,2931.6,538.8000000000001,0.0
ANNAMAYYA,Sambepalle,62833.5,23546.600000000002,6528.6,29500.5,3238.2,19.6,0.0
ANNAMAYYA,T.Sundupalle,58421.9,18205.0,14112.800000000001,19724.1,6254.4,125.60000000000001,0.0
ANNAMAYYA,Thamballapalle,55129.1,33638.0,262.6,18754.5,2424.0,50.0,0.0
ANNAMAYYA,VAYALPAD (VALMIKIPURAM),46584.9,35008.600000000006,166.4,9506.1,1816.2,87.60000000000001,0.0
ANNAMAYYA,Veeraballe,37853.4,9539.2,14359.800000000001,10120.5,3761.1,72.8,0.0
BAPATLA,Addanki,83410.29999999999,1610.4,69739.8,10978.5,1069.2,12.4,0.0
BAPATLA,Amruthalur,36612.2,2103.2000000000003,33857.200000000004,367.2,179.4,105.2,0.0
BAPATLA,Ballikurava,63197.8,2567.4,52031.200000000004,7456.799999999999,1099.2,43.2,0.0
BAPATLA,Bapatla,84521.1,3328.6000000000004,77433.2,3183.9,475.79999999999995,99.60000000000001,0.0
BAPATLA,Bhattiprolu,38388.4,1777.6000000000001,34257.6,1816.8,357.59999999999997,178.8,0.0
BAPATLA,Cherukupalli,51561.700000000004,2406.8,47346.0,1530.0,200.1,78.80000000000001,0.0
BAPATLA,Chinaganjam,31817.700000000004,763.4000000000001,25755.600000000002,4709.099999999999,571.1999999999999,18.400000000000002,0.0
BAPATLA,Chirala,55180.200000000004,2571.8,46664.8,5416.5,407.09999999999997,120.0,0.0
BAPATLA,Inkollu,26689.7,1944.8000000000002,22716.2,1656.0,177.9,194.8,0.0
BAPATLA,J.Pangulur,45698.799999999996,926.2,38079.6,6053.4,624.0,15.600000000000001,0.0
BAPATLA,Karamchedu,27834.100000000002,1496.0000000000002,24931.4,1091.7,156.6,158.4,0.0
BAPATLA,Karlapalem,75191.70000000001,3394.6000000000004,68421.6,2808.0,546.3,21.200000000000003,0.0
BAPATLA,Kolluru,38591.3,1526.8000000000002,35939.8,667.5,306.0,151.20000000000002,0.0
BAPATLA,Korisapadu,29607.2,992.2,23371.4,4513.2,489.59999999999997,240.8,0.0
BAPATLA,Martur,45184.4,1416.8000000000002,35100.0,8037.599999999999,406.8,223.20000000000002,0.0
BAPATLA,Nagaram,81987.1,2512.4,76299.6,2726.1,371.4,77.60000000000001,0.0
BAPATLA,Nizampatnam,56506.90000000001,2131.8,49433.8,4229.7,592.8,118.80000000000001,0.0
BAPATLA,Parchur,28743.5,2109.8,25807.600000000002,730.8,65.7,29.6,0.0
BAPATLA,Pittalavanipalem,40014.40000000001,1060.4,37616.8,1085.3999999999999,209.4,42.400000000000006,0.0
BAPATLA,Repalle,108753.7,1322.2,105716.0,1107.0,320.09999999999997,288.40000000000003,0.0
BAPATLA,Santhamaguluru,81183.9,2554.2000000000003,70460.0,6700.2,1401.8999999999999,67.60000000000001,0.0
BAPATLA,Tsundur,33678.4,699.6,32684.600000000002,99.0,105.6,89.60000000000001,0.0
BAPATLA,Vemuru,34012.1,882.2,32856.200000000004,96.6,103.5,73.60000000000001,0.0
BAPATLA,Vetapalem,27846.4,1243.0,23693.8,2346.9,501.9,60.800000000000004,0.0
BAPATLA,YeddanaPudi,16140.8,1104.4,13483.6,1440.8999999999999,96.3,15.600000000000001,0.0
CHITTOOR,Baireddipalle,47632.8,40530.600000000006,117.0,6670.5,314.7,0.0,0.0
CHITTOOR,BANGARUPALYAM,54731.8,51031.200000000004,28.6,1807.5,1864.5,0.0,0.0
CHITTOOR,Chittoor,42893.1,38522.0,369.2,1533.3,2448.6,20.0,0.0
CHITTOOR,Chowdepalle,46898.100000000006,35954.600000000006,733.2,8391.0,1758.8999999999999,60.400000000000006,0.0
CHITTOOR,Gangadhara Nellore,56172.799999999996,49462.600000000006,291.2,3815.7,2597.7,5.6000000000000005,0.0
CHITTOOR,Gangavaram,53982.4,47348.4,260.0,5468.4,890.4,15.200000000000001,0.0
CHITTOOR,Gudipala,40949.200000000004,36315.4,210.6,1468.8,2954.4,0.0,0.0
CHITTOOR,Gudipalli,33955.8,28399.800000000003,202.8,4693.5,659.6999999999999,0.0,0.0
CHITTOOR,Irala,42984.200000000004,38753.0,132.6,2433.9,1641.8999999999999,22.8,0.0
CHITTOOR,Karvetinagar,31500.000000000004,27390.000000000004,746.2,1197.0,2119.2,47.6,0.0
CHITTOOR,Kuppam,66551.8,57565.200000000004,130.0,6644.7,2211.9,0.0,0.0
CHITTOOR,Nagari,36891.1,26987.4,4841.2,1892.3999999999999,3120.9,49.2,0.0
CHITTOOR,Nindra,22994.7,16068.800000000001,3933.8,1680.0,1300.5,11.600000000000001,0.0
CHITTOOR,Palamaner,38847.700000000004,35026.200000000004,98.8,2437.5,1285.2,0.0,0.0
CHITTOOR,Palasamudram,24131.3,21223.4,494.0,939.5999999999999,1433.1,41.2,0.0
CHITTOOR,Peddapanjani,54599.3,45713.8,754.0,6951.599999999999,1151.1,28.8,0.0
CHITTOOR,Penumur,34196.100000000006,31068.4,153.4,1498.5,1463.3999999999999,12.4,0.0
CHITTOOR,Pulicherla,39284.0,33521.4,52.0,4038.6,1662.0,10.0,0.0
CHITTOOR,Punganur,59346.8,45625.8,1580.8,10498.199999999999,1600.8,41.2,0.0
CHITTOOR,Puthalapattu,40107.00000000001,36869.8,33.800000000000004,1823.1,1380.3,0.0,0.0
CHITTOOR,Ramakuppam,51693.200000000004,45397.00000000001,377.0,4737.9,1115.7,65.60000000000001,0.0
CHITTOOR,Rompicherla,25582.100000000006,21379.600000000002,36.4,3500.4,665.6999999999999,0.0,0.0
CHITTOOR,Santhipuram,43633.200000000004,35356.200000000004,210.6,7302.599999999999,763.8,0.0,0.0
CHITTOOR,Sodam,34210.0,28454.800000000003,117.0,4355.099999999999,1221.8999999999999,61.2,0.0
CHITTOOR,Somala,47083.799999999996,37327.4,533.0,6284.7,2897.1,41.6,0.0
CHITTOOR,Srirangarajapuram,30624.300000000003,27579.2,44.2,1505.3999999999999,1495.5,0.0,0.0
CHITTOOR,Thavanampalle,38051.1,34738.0,54.6,1562.1,1623.6,72.8,0.0
CHITTOOR,Veduru kuppam,51014.50000000001,41340.200000000004,962.0,4983.0,3729.2999999999997,0.0,0.0
CHITTOOR,Venkatagiri kota,62841.700000000004,54562.200000000004,145.6,6952.5,1161.0,20.400000000000002,0.0
CHITTOOR,Vijayapuram,31975.700000000004,21863.600000000002,3205.8,3602.4,3303.9,0.0,0.0
CHITTOOR,Yadamarri,39517.00000000001,36955.600000000006,91.0,1268.3999999999999,1148.3999999999999,53.6,0.0
DR B.R. AMBEDKAR KONASEEMA,Ainavilli,35022.3,9583.2,24245.0,583.8,283.5,326.8,0.0
DR B.R. AMBEDKAR KONASEEMA,Alamuru,31063.0,3412.2000000000003,27008.8,209.7,158.7,273.6,0.0
DR B.R. AMBEDKAR KONASEEMA,Allavaram,28497.7,7469.000000000001,19705.4,405.59999999999997,672.9,244.8,0.0
DR B.R. AMBEDKAR KONASEEMA,Amalapuram,26202.8,9466.6,15483.0,453.59999999999997,512.4,287.2,0.0
DR B.R. AMBEDKAR KONASEEMA,Ambajipeta,22718.5,5236.0,16507.4,397.8,159.29999999999998,418.0,0.0
DR B.R. AMBEDKAR KONASEEMA,Atreyapuram,26215.7,3828.0000000000005,21460.4,373.5,295.8,258.0,0.0
DR B.R. AMBEDKAR KONASEEMA,I.Polavaram,31888.000000000004,9627.2,21195.2,330.9,606.3,128.4,0.0
DR B.R. AMBEDKAR KONASEEMA,K.GANGAVARAM (PAMARRU),48344.00000000001,9435.800000000001,38006.8,483.9,217.5,200.0,0.0
DR B.R. AMBEDKAR KONASEEMA,Kapileswarapuram,41769.0,4749.8,35991.8,650.6999999999999,127.5,249.20000000000002,0.0
DR B.R. AMBEDKAR KONASEEMA,Katrenikona,40675.0,10876.800000000001,27515.8,738.6,1247.3999999999999,296.40000000000003,0.0
DR B.R. AMBEDKAR KONASEEMA,Kothapeta,25613.300000000003,4600.200000000001,20256.600000000002,297.0,259.5,200.0,0.0
DR B.R. AMBEDKAR KONASEEMA,Malkipuram,21341.100000000002,4237.200000000001,15860.0,188.7,979.1999999999999,76.0,0.0
DR B.R. AMBEDKAR KONASEEMA,Mamidikuduru,22409.8,5423.0,15886.0,279.3,362.7,458.8,0.0
DR B.R. AMBEDKAR KONASEEMA,Mandapeta,35520.6,3817.0000000000005,30776.2,430.2,189.6,307.6,0.0
DR B.R. AMBEDKAR KONASEEMA,Mummidivaram,30918.6,10705.2,18431.4,777.3,623.1,381.6,0.0
DR B.R. AMBEDKAR KONASEEMA,P.Gannavaram,27901.600000000002,6509.8,19944.600000000002,675.3,349.5,422.40000000000003,0.0
DR B.R. AMBEDKAR KONASEEMA,Ramachandrapuram,32370.100000000002,5394.400000000001,23670.4,3004.2,108.3,192.8,0.0
DR B.R. AMBEDKAR KONASEEMA,Ravulapalem,20308.200000000004,2976.6000000000004,16712.8,156.9,213.9,248.0,0.0
DR B.R. AMBEDKAR KONASEEMA,Rayavaram,21921.000000000007,2457.4,19255.600000000002,8.7,18.9,180.4,0.0
DR B.R. AMBEDKAR KONASEEMA,Razole,21535.100000000006,6311.8,14255.800000000001,433.2,363.9,170.4,0.0
DR B.R. AMBEDKAR KONASEEMA,Sakhinetipalli,27851.000000000004,4037.0000000000005,22297.600000000002,459.59999999999997,974.4,82.4,0.0
DR B.R. AMBEDKAR KONASEEMA,Uppalaguptam,26914.200000000004,8258.800000000001,17797.0,127.5,286.5,444.40000000000003,0.0
EASTGODAVARI,Anaparthi,30746.9,2739.0,26712.4,943.1999999999999,144.29999999999998,208.0,0.0
EASTGODAVARI,Biccavolu,32377.1,2994.2000000000003,27970.8,1098.0,208.5,105.60000000000001,0.0
EASTGODAVARI,Chagallu,40233.700000000004,7286.400000000001,31691.4,542.6999999999999,652.8,60.400000000000006,0.0
EASTGODAVARI,Devarapalli,55550.7,16018.2,34041.8,2469.9,2607.6,413.20000000000005,0.0
EASTGODAVARI,Gokavaram,34176.6,8459.0,20196.8,3864.6,1602.6,53.6,0.0
EASTGODAVARI,Gopalapuram,60201.9,19056.4,32611.800000000003,5579.099999999999,2823.0,131.6,0.0
EASTGODAVARI,Kadiam,18824.700000000004,3095.4,15249.0,215.7,172.2,92.4,0.0
EASTGODAVARI,Korukonda,43768.700000000004,9466.6,29452.8,2703.2999999999997,1610.3999999999999,535.6,0.0
EASTGODAVARI,Kovvur,35759.299999999996,4985.200000000001,29640.0,472.79999999999995,539.6999999999999,121.60000000000001,0.0
EASTGODAVARI,Nallajerla,129952.90000000001,49863.00000000001,75259.6,3414.0,1416.3,0.0,0.0
EASTGODAVARI,Nidadavolu,62557.899999999994,7244.6,53557.4,767.6999999999999,838.1999999999999,150.0,0.0
EASTGODAVARI,Peravali,22952.9,3599.2000000000003,18902.0,105.3,133.2,213.20000000000002,0.0
EASTGODAVARI,Rajamahendravaram Rural,25918.200000000004,4424.200000000001,16837.600000000002,3773.3999999999996,705.0,178.0,0.0
EASTGODAVARI,Rajamahendravaram Urban,4135.9,820.6,3237.0,2.6999999999999997,75.6,0.0,0.0
EASTGODAVARI,Rajanagaram,81444.79999999999,18004.800000000003,51768.6,9482.4,1960.1999999999998,228.8,0.0
EASTGODAVARI,Rangampeta,57675.100000000006,23430.000000000004,32107.4,1103.7,940.8,93.2,0.0
EASTGODAVARI,Seethanagaram,47265.9,6201.8,39106.6,975.5999999999999,943.5,38.400000000000006,0.0
EASTGODAVARI,Thallapudi,25815.8,3170.2000000000003,19367.4,2479.7999999999997,676.8,121.60000000000001,0.0
EASTGODAVARI,Undrajavaram,26469.4,2622.4,23595.0,47.4,111.0,93.60000000000001,0.0
ELURU,Agiripalli,74240.6,3702.6000000000004,61315.8,6608.4,2251.7999999999997,362.0,0.0
ELURU,Bhimadole,37798.2,3300.0000000000005,31717.4,2090.1,677.1,13.600000000000001,0.0
ELURU,Burgampahad,15933.1,7741.8,5863.0,1274.7,1053.6,0.0,0.0
ELURU,Buttayagudem,48542.00000000001,29191.800000000003,14560.0,1231.8,3540.0,18.400000000000002,0.0
ELURU,Chatrai,73024.3,6831.000000000001,58757.4,4517.7,2842.2,76.0,0.0
ELURU,Chintalapudi,99245.70000000001,13833.6,75647.0,4895.099999999999,4305.599999999999,564.4,0.0
ELURU,Denduluru,68229.3,4195.400000000001,56383.6,6390.599999999999,1085.7,174.0,0.0
ELURU,Dwaraka tirumala,115893.6,23317.800000000003,83527.6,6309.599999999999,2669.4,69.2,0.0
ELURU,Eluru,45239.799999999996,3841.2000000000003,38178.4,1874.1,1194.8999999999999,151.20000000000002,0.0
ELURU,Jangareddigudem,78423.8,17762.800000000003,53887.6,4679.099999999999,2094.2999999999997,0.0,0.0
ELURU,JeeluguMilli,36365.100000000006,12643.400000000001,18920.2,1979.6999999999998,2821.7999999999997,0.0,0.0
ELURU,Kaikaluru,35688.3,2002.0000000000002,31447.0,1374.0,861.3,4.0,0.0
ELURU,Kalidindi,35632.799999999996,2706.0,29268.2,2858.4,748.1999999999999,52.0,0.0
ELURU,Kamavarapukota,64112.4,2574.0,53781.0,6065.4,1692.0,0.0,0.0
ELURU,Koyyalagudem,77258.3,24611.4,39026.0,7533.9,6021.0,66.0,0.0
ELURU,Lingapalem,92152.3,12185.800000000001,72724.6,5212.5,1967.3999999999999,62.0,0.0
ELURU,Mandavalli,28732.9,1909.6000000000001,24432.2,2058.9,328.2,4.0,0.0
ELURU,Mudinepalli,41729.00000000001,3194.4,35757.8,1782.8999999999999,948.3,45.6,0.0
ELURU,Musunuru,77393.0,7585.6,60431.8,6806.4,2322.0,247.20000000000002,0.0
ELURU,Nidamarru,19124.999999999996,2035.0000000000002,16640.0,161.1,284.09999999999997,4.800000000000001,0.0
ELURU,Nuzvid,82992.3,5601.200000000001,66333.8,8443.199999999999,2571.2999999999997,42.800000000000004,0.0
ELURU,Pedapadu,59763.1,4840.0,50702.6,2577.0,1633.5,10.0,0.0
ELURU,Pedavegi,92482.3,11996.6,71372.6,6508.2,2472.9,132.0,0.0
ELURU,Polavaram,80879.90000000001,28362.4,48240.4,765.6,3397.5,114.0,0.0
ELURU,T.Narasapuram,73329.4,15714.6,52941.200000000004,2082.0,2527.2,64.4,0.0
ELURU,Unguturu,111543.00000000001,11653.400000000001,55725.8,43083.0,1018.8,62.0,0.0
GUNTUR,Chebrolu,47857.1,1685.2,41688.4,4065.0,296.09999999999997,122.4,0.0
GUNTUR,Duggirala,42320.3,1823.8000000000002,39447.200000000004,760.1999999999999,231.89999999999998,57.2,0.0
GUNTUR,Guntur East,12529.3,2426.6000000000004,9906.0,49.8,141.29999999999998,5.6000000000000005,0.0
GUNTUR,Guntur West,62866.4,2481.6000000000004,56661.8,3229.2,493.79999999999995,0.0,0.0
GUNTUR,Kakumanu,49178.799999999996,1106.6000000000001,47379.8,646.1999999999999,46.199999999999996,0.0,0.0
GUNTUR,Kollipara,44076.200000000004,2017.4,41262.0,605.1,105.3,86.4,0.0
GUNTUR,Mangalagiri,48568.1,2604.8,40820.0,4397.7,699.6,46.0,0.0
GUNTUR,Medikonduru,31019.899999999998,3121.8,26650.0,906.0,315.3,26.8,0.0
GUNTUR,Pedakakani,58174.0,1249.6000000000001,55575.0,1242.8999999999999,106.5,0.0,0.0
GUNTUR,Pedanandipadu,22249.9,2167.0,18751.2,1073.3999999999999,223.5,34.800000000000004,0.0
GUNTUR,Phirangipuram,47628.200000000004,2794.0,41337.4,2960.4,471.59999999999997,64.8,0.0
GUNTUR,Ponnuru,54418.399999999994,1410.2,51638.6,1011.3,332.7,25.6,0.0
GUNTUR,Prathipadu,24531.800000000003,2567.4,18649.8,2728.7999999999997,539.4,46.400000000000006,0.0
GUNTUR,Tadepalli,59045.399999999994,2193.4,55655.6,1121.7,74.7,0.0,0.0
GUNTUR,Tadikonda,28722.3,4226.200000000001,22474.4,1387.5,534.6,99.60000000000001,0.0
GUNTUR,Tenali,45003.8,2805.0,41373.8,381.9,155.1,288.0,0.0
GUNTUR,Thulluru,26036.3,1535.6000000000001,23220.600000000002,988.1999999999999,252.29999999999998,39.6,0.0
GUNTUR,Vatticherukuru,30864.0,2829.2000000000003,26715.0,1180.2,124.8,14.8,0.0
KAKINADA,Gandepalli,48629.299999999996,7770.400000000001,38534.6,1359.6,893.1,71.60000000000001,0.0
KAKINADA,Gollaprolu,48561.1,3812.6000000000004,38885.6,3359.4,2490.2999999999997,13.200000000000001,0.0
KAKINADA,Jaggampeta,62811.5,14834.6,44215.6,2147.1,1363.8,250.4,0.0
KAKINADA,Kajuluru,34274.50000000001,10689.800000000001,23062.0,219.9,146.4,156.4,0.0
KAKINADA,Kakinada Rural,33332.200000000004,4070.0000000000005,27617.2,928.1999999999999,526.8,190.0,0.0
KAKINADA,Kakinada Urban,8981.8,1823.8000000000002,5852.6,60.9,490.5,754.0,0.0
KAKINADA,Karapa,36132.00000000001,6177.6,29304.600000000002,237.0,296.4,116.4,0.0
KAKINADA,Kirlampudi,51546.40000000001,2549.8,46844.200000000004,1056.6,1045.8,50.0,0.0
KAKINADA,Kotananduru,41768.100000000006,7755.000000000001,31483.4,1138.5,850.8,540.4,0.0
KAKINADA,Pedapudi,31924.4,3396.8,28269.8,13.2,88.2,156.4,0.0
KAKINADA,Peddapuram,67163.40000000001,8740.6,53448.200000000004,2989.7999999999997,1882.8,102.0,0.0
KAKINADA,Pithapuram,71885.5,6272.200000000001,63889.8,787.5,778.8,157.20000000000002,0.0
KAKINADA,Prathipadu,36519.899999999994,8822.0,24133.2,1457.1,1820.3999999999999,287.2,0.0
KAKINADA,Rowthulapudi,51417.1,8377.6,38940.200000000004,1751.1,2038.1999999999998,310.0,0.0
KAKINADA,Samalkota,74185.69999999998,11382.800000000001,59893.6,1709.3999999999999,986.6999999999999,213.20000000000002,0.0
KAKINADA,Sankhavaram,44469.7,11380.6,28171.0,1869.0,2714.7,334.40000000000003,0.0
KAKINADA,Thallarevu,50960.1,10883.400000000001,38597.0,573.0,710.6999999999999,196.0,0.0
KAKINADA,Thondangi,178408.30000000002,31178.4,134516.2,7994.099999999999,4452.0,267.6,0.0
KAKINADA,Tuni,67785.8,11624.800000000001,50811.8,1935.6,3147.6,266.0,0.0
KAKINADA,U.KOTHAPALLI,25576.8,3198.8,20446.4,1089.3,767.1,75.2,0.0
KAKINADA,Yeleswaram,39473.2,5953.200000000001,30479.8,1118.1,1246.5,675.6,0.0
KRISHNA,Avanigadda,21348.799999999996,1031.8000000000002,19897.8,48.6,363.0,7.6000000000000005,0.0
KRISHNA,Bantumilli,40987.1,3559.6000000000004,34970.0,2041.5,388.8,27.200000000000003,0.0
KRISHNA,Bapulapadu,61500.4,4609.0,50837.8,5172.9,841.5,39.2,0.0
KRISHNA,Challapalli,33267.100000000006,2563.0,28069.600000000002,1952.6999999999998,561.0,120.80000000000001,0.0
KRISHNA,Gannavaram,49167.9,4151.400000000001,40957.8,3209.4,716.1,133.20000000000002,0.0
KRISHNA,Ghantasala,35949.9,2842.4,30269.2,2362.7999999999997,396.3,79.2,0.0
KRISHNA,Gudivada,34142.6,2204.4,30706.0,639.9,500.7,91.60000000000001,0.0
KRISHNA,Gudlavalleru,54929.00000000001,2985.4,50783.200000000004,760.1999999999999,359.4,40.800000000000004,0.0
KRISHNA,Gudur,39807.200000000004,3209.8,35388.6,866.6999999999999,333.3,8.8,0.0
KRISHNA,Koduru,36167.700000000004,1603.8000000000002,32201.0,1969.8,383.09999999999997,10.0,0.0
KRISHNA,Kruthivennu,29642.9,2743.4,23904.4,2619.0,369.3,6.800000000000001,0.0
KRISHNA,Machilipatnam,93290.20000000001,8514.0,73106.8,9904.8,1590.6,174.0,0.0
KRISHNA,Mopidevi,29717.399999999998,2131.8,24702.600000000002,2159.1,702.3,21.6,0.0
KRISHNA,Movva,41639.200000000004,3432.0000000000005,35271.6,2385.9,444.9,104.80000000000001,0.0
KRISHNA,Nagayalanka,36892.200000000004,2453.0,30284.8,3577.5,534.9,42.0,0.0
KRISHNA,Nandivada,22550.100000000002,1245.2,19718.4,844.5,699.6,42.400000000000006,0.0
KRISHNA,Pamarru,34508.8,2492.6000000000004,30282.2,1441.5,285.3,7.2,0.0
KRISHNA,Pamidimukkala,42598.1,3278.0000000000005,35711.0,3069.2999999999997,496.2,43.6,0.0
KRISHNA,Pedana,46343.7,2923.8,41784.6,836.1,732.0,67.2,0.0
KRISHNA,Pedaparupudi,26656.899999999998,1515.8000000000002,24255.4,534.6,311.09999999999997,40.0,0.0
KRISHNA,Penamaluru,27758.100000000002,2626.8,24507.600000000002,484.2,138.29999999999998,1.2000000000000002,0.0
KRISHNA,Thotlavalluru,28770.7,3328.6000000000004,23433.8,1652.1,289.8,66.4,0.0
KRISHNA,Unguturu,35551.5,2455.2000000000003,31925.4,803.4,342.3,25.200000000000003,0.0
KRISHNA,Vuyyuru,29749.100000000006,2855.6000000000004,25989.600000000002,720.0,135.9,48.0,0.0
KURNOOL,Adoni,81800.09999999999,44981.200000000004,21223.8,8867.699999999999,5351.4,1376.0,0.0
KURNOOL,Alur,32414.100000000002,16645.2,6190.6,6774.9,2719.7999999999997,83.60000000000001,0.0
KURNOOL,Aspari,46356.5,22965.800000000003,9877.4,9288.6,4159.5,65.2,0.0
KURNOOL,C.Belagal,39928.2,20310.4,9412.0,8418.0,1632.6,155.20000000000002,0.0
KURNOOL,Chippagiri,28391.9,14605.800000000001,4971.2,7338.0,1385.7,91.2,0.0
KURNOOL,Devanakonda,60257.4,31303.800000000003,11996.4,12709.5,3914.1,333.6,0.0
KURNOOL,Gonegandla,49334.200000000004,25366.000000000004,9367.800000000001,12782.1,1638.3,180.0,0.0
KURNOOL,Gudur,22183.000000000004,9849.400000000001,5332.6,5527.8,1376.3999999999999,96.80000000000001,0.0
KURNOOL,Halaharvi,38939.9,21483.0,9094.800000000001,5155.5,3162.6,44.0,0.0
KURNOOL,Holagunda,42970.1,21434.600000000002,13247.0,5097.599999999999,3113.7,77.2,0.0
KURNOOL,Kallur,51502.6,14770.800000000001,20857.2,12351.6,3460.2,62.800000000000004,0.0
KURNOOL,Kodumur,47663.299999999996,18462.4,14274.0,12979.199999999999,1832.1,115.60000000000001,0.0
KURNOOL,Kosigi,41963.90000000001,21984.600000000002,6882.2,9804.3,3202.7999999999997,90.0,0.0
KURNOOL,Kowthalam,61752.30000000001,35294.600000000006,18675.8,4300.8,3325.5,155.60000000000002,0.0
KURNOOL,Krishnagiri,57388.80000000001,25766.4,12568.4,15732.3,2988.9,332.8,0.0
KURNOOL,KURNOOL RURAL,73377.9,22629.2,32247.800000000003,14201.699999999999,3660.0,639.2,0.0
KURNOOL,MADDIKERA,25818.100000000002,10150.800000000001,10192.0,4291.5,1122.6,61.2,0.0
KURNOOL,Mantralayam,35796.2,21705.2,6013.8,6064.2,1805.3999999999999,207.60000000000002,0.0
KURNOOL,Nandavaram,37349.399999999994,18249.0,9297.6,7881.0,1842.6,79.2,0.0
KURNOOL,Orvakal,59036.80000000001,23122.000000000004,17495.4,13902.3,4485.9,31.200000000000003,0.0
KURNOOL,Pathikonda,36709.0,15584.800000000001,11281.4,7510.5,2037.8999999999999,294.40000000000003,0.0
KURNOOL,Pedda Kadubur,40268.9,22840.4,7046.0,7729.5,2646.6,6.4,0.0
KURNOOL,Tuggali,53808.00000000001,26780.600000000002,14055.6,9939.0,2968.7999999999997,64.0,0.0
KURNOOL,Veldurthi,66306.79999999999,24525.600000000002,18249.4,16760.399999999998,6603.0,168.4,0.0
KURNOOL,Yemmiganur,69912.2,32051.800000000003,15319.2,18225.3,4165.5,150.4,0.0
NANDYAL,Allagadda,60007.899999999994,12023.000000000002,35622.6,8770.8,3407.1,184.4,0.0
NANDYAL,Atmakur,38473.00000000001,13211.000000000002,21663.2,2059.5,1402.5,136.8,0.0
NANDYAL,Banaganapalli,97237.4,13382.6,62766.6,12733.8,8328.0,26.400000000000002,0.0
NANDYAL,Bandi Atmakur,39173.9,6501.000000000001,28480.4,3418.7999999999997,773.6999999999999,0.0,0.0
NANDYAL,Bethamcherla,64793.4,21538.0,29650.4,7402.2,6102.0,100.80000000000001,0.0
NANDYAL,Chagalamarri,50305.4,13162.6,28337.4,5240.4,3508.2,56.800000000000004,0.0
NANDYAL,Dhone,75738.3,34304.600000000006,23142.600000000002,13450.5,4613.4,227.20000000000002,0.0
NANDYAL,Dornipadu,30074.800000000003,5627.6,20467.2,3617.1,342.9,20.0,0.0
NANDYAL,Gadivemula,48484.200000000004,16539.600000000002,24546.600000000002,5331.0,2067.0,0.0,0.0
NANDYAL,Gospadu,32002.9,4697.0,22950.2,3510.2999999999997,845.4,0.0,0.0
NANDYAL,Jupadu Bungalow,24500.500000000004,6622.000000000001,12955.800000000001,4016.1,827.4,79.2,0.0
NANDYAL,KOILAKUNTLA,25468.100000000002,2222.0,20563.4,1526.7,1140.0,16.0,0.0
NANDYAL,Kolimigundla,48237.2,4723.400000000001,24497.2,14716.199999999999,4261.2,39.2,0.0
NANDYAL,Kothapalle,46106.3,13101.000000000002,18460.0,11275.5,3261.0,8.8,0.0
NANDYAL,Mahanandi,22616.300000000007,2679.6000000000004,16967.600000000002,2020.1999999999998,906.9,42.0,0.0
NANDYAL,Midthur,39474.4,8318.2,17846.4,11687.4,1620.0,2.4000000000000004,0.0
NANDYAL,Nandikotkur,36361.4,9550.2,15589.6,8748.0,2106.0,367.6,0.0
NANDYAL,Nandyal,52440.2,5484.6,42754.4,2929.5,850.5,421.20000000000005,0.0
NANDYAL,Owk,63793.80000000001,9429.2,33779.200000000004,14155.8,6429.599999999999,0.0,0.0
NANDYAL,Pagidyala,29101.5,7631.8,13915.2,6521.099999999999,999.0,34.4,0.0
NANDYAL,Pamulapadu,35737.7,8289.6,22799.4,3485.7,1092.6,70.4,0.0
NANDYAL,Panyam,49813.0,15430.800000000001,27266.2,3675.6,3374.4,66.0,0.0
NANDYAL,Peapally,143108.4,61452.600000000006,41067.0,29853.899999999998,10620.9,114.0,0.0
NANDYAL,Rudravaram,75652.8,9479.800000000001,54163.200000000004,8325.0,3670.7999999999997,14.0,0.0
NANDYAL,Sanjamala,44100.3,4298.8,28628.600000000002,8887.5,2285.4,0.0,0.0
NANDYAL,Sirivel,35054.1,4296.6,25916.8,4117.2,642.3,81.2,0.0
NANDYAL,Srisailam,4427.200000000001,1938.2,2228.2000000000003,9.0,220.2,31.6,0.0
NANDYAL,Uyyalawada,29275.800000000003,6083.000000000001,20511.4,1704.0,977.4,0.0,0.0
NANDYAL,Velgode,39860.0,14088.800000000001,20605.0,4579.2,574.1999999999999,12.8,0.0
NTR,A.Konduru,44908.9,6734.200000000001,32432.4,3820.2,1860.8999999999999,61.2,0.0
NTR,Chandarlapadu,52702.600000000006,3451.8,42476.200000000004,5393.099999999999,1367.1,14.4,0.0
NTR,G.Konduru,42899.9,1949.2,36576.8,2955.0,1388.1,30.8,0.0
NTR,Gampalagudem,60445.30000000001,9088.2,45401.200000000004,4834.8,992.6999999999999,128.4,0.0
NTR,Ibrahimpatnam,29299.100000000002,836.0000000000001,25565.8,1847.6999999999998,926.4,123.2,0.0
NTR,Jaggayyapeta,64555.700000000004,6853.000000000001,45500.0,10036.8,1770.3,395.6,0.0
NTR,Kanchikacherla,34092.299999999996,2193.4,26150.8,4885.2,827.6999999999999,35.2,0.0
NTR,KANKIPADU,31510.1,2816.0,26785.2,1513.5,259.8,135.6,0.0
NTR,Mylavaram,43338.9,3194.4,34931.0,3909.0,1258.5,46.0,0.0
NTR,Nandigama,49356.4,2899.6000000000004,42151.200000000004,2547.9,1666.5,91.2,0.0
NTR,Penuganchiprolu,44464.19999999999,2976.6000000000004,37286.6,3136.2,753.6,311.20000000000005,0.0
NTR,Reddigudem,42269.9,2285.8,35422.4,3573.6,922.5,65.60000000000001,0.0
NTR,Tiruvuru,58679.3,6043.400000000001,47424.0,4181.4,905.6999999999999,124.80000000000001,0.0
NTR,Vatsavai,57521.9,8360.0,41641.6,5961.9,1434.0,124.4,0.0
NTR,Veerullapadu,32126.5,2490.4,25703.600000000002,2642.1,1167.6,122.80000000000001,0.0
NTR,Vijayawada Rural,44746.4,3060.2000000000003,37434.8,2788.2,1414.8,48.400000000000006,0.0
NTR,Vijayawada Urban,13458.6,1359.6000000000001,11767.6,148.2,142.79999999999998,40.400000000000006,0.0
NTR,Vissannapeta,57713.5,3843.4,48552.4,3737.1,1487.3999999999999,93.2,0.0
PALNADU,Amaravathi,34542.50000000001,3515.6000000000004,26860.600000000002,3118.7999999999997,1033.5,14.0,0.0
PALNADU,Atchampeta,77867.40000000001,9831.800000000001,53916.200000000004,10479.6,3568.2,71.60000000000001,0.0
PALNADU,Bellamkonda,72085.40000000001,19907.800000000003,43934.8,4490.099999999999,3747.8999999999996,4.800000000000001,0.0
PALNADU,Bollapalli,96351.79999999999,15870.800000000001,64672.4,7443.9,8348.699999999999,16.0,0.0
PALNADU,Chilakaluripeta,48676.6,2171.4,40846.0,5134.2,481.79999999999995,43.2,0.0
PALNADU,Dachepalli,49011.80000000001,9596.400000000001,32960.200000000004,3411.2999999999997,2983.5,60.400000000000006,0.0
PALNADU,Durgi,33274.40000000001,6263.400000000001,21616.4,2614.7999999999997,2607.0,172.8,0.0
PALNADU,Edlapadu,29340.900000000005,2371.6000000000004,24172.2,1866.3,668.4,262.40000000000003,0.0
PALNADU,Gurazala,48304.1,5942.200000000001,36257.0,4473.0,1587.8999999999999,44.0,0.0
PALNADU,Ipuru,69549.4,5306.400000000001,55179.8,7410.599999999999,1618.2,34.4,0.0
PALNADU,Karempudi,36417.600000000006,3685.0000000000005,29798.600000000002,1948.8,975.5999999999999,9.600000000000001,0.0
PALNADU,Krosuru,58221.1,5330.6,47751.6,4158.0,872.1,108.80000000000001,0.0
PALNADU,Machavaram,48988.0,11103.400000000001,32097.0,4019.1,1738.5,30.0,0.0
PALNADU,Macherla,92885.50000000001,21667.800000000003,46654.4,16724.1,7628.4,210.8,0.0
PALNADU,Muppalla,60302.299999999996,2400.2000000000003,55733.6,1937.6999999999998,180.0,50.800000000000004,0.0
PALNADU,Nadendla,31544.000000000004,2466.2000000000003,26387.4,2196.2999999999997,479.7,14.4,0.0
PALNADU,Narasaraopet,85300.3,3407.8,76507.6,4611.0,722.6999999999999,51.2,0.0
PALNADU,Nekarikallu,84624.30000000002,2987.6000000000004,77365.6,2812.7999999999997,1436.7,21.6,0.0
PALNADU,Nuzendla,106714.90000000001,2151.6000000000004,93605.2,9663.0,1295.1,0.0,0.0
PALNADU,Pedakurapadu,34736.00000000001,4171.200000000001,29364.4,801.6,384.0,14.8,0.0
PALNADU,Piduguralla,51612.5,3735.6000000000004,42824.6,3706.7999999999997,1301.1,44.400000000000006,0.0
PALNADU,Rajupalem,45368.4,5497.8,36987.6,1991.1,891.9,0.0,0.0
PALNADU,Rentachintala,49336.6,3403.4,39761.8,3732.0,2428.2,11.200000000000001,0.0
PALNADU,Rompicherla,90986.7,2197.8,83920.2,4020.2999999999997,848.4,0.0,0.0
PALNADU,Sattenapalli,68654.70000000001,6355.8,58388.200000000004,3360.6,543.3,6.800000000000001,0.0
PALNADU,Savalyapuram,59895.7,1663.2,55369.6,2541.9,321.0,0.0,0.0
PALNADU,Veldurthi,57035.5,11369.6,28358.2,12029.1,5175.0,103.60000000000001,0.0
PALNADU,Vinukonda,80267.90000000001,3592.6000000000004,68289.0,7187.099999999999,1195.2,4.0,0.0
PARVATHIPURAM MANYAM,Balijipeta,57352.200000000004,44239.8,5267.6,5922.9,1427.1,494.8,0.0
PARVATHIPURAM MANYAM,Bhamini,36905.200000000004,21278.4,12121.2,2178.0,1260.0,67.60000000000001,0.0
PARVATHIPURAM MANYAM,Garugubilli,38041.40000000001,25828.000000000004,7555.6,3471.0,960.0,226.8,0.0
PARVATHIPURAM MANYAM,Gummalakshmipuram,47088.899999999994,30252.2,13023.4,1032.6,2780.7,0.0,0.0
PARVATHIPURAM MANYAM,Jiyyamma valasa,46718.700000000004,33233.200000000004,10966.800000000001,1373.7,921.0,224.0,0.0
PARVATHIPURAM MANYAM,Komarada,45955.200000000004,30267.600000000002,12126.4,2016.6,1495.8,48.800000000000004,0.0
PARVATHIPURAM MANYAM,Kurupam,46808.1,30181.800000000003,12407.2,1078.8,3062.7,77.60000000000001,0.0
PARVATHIPURAM MANYAM,Makkuva,36653.0,25176.800000000003,5709.6,3807.6,1818.6,140.4,0.0
PARVATHIPURAM MANYAM,Pachipenta,46656.90000000001,35855.600000000006,5730.400000000001,1716.3,3354.6,0.0,0.0
PARVATHIPURAM MANYAM,Palakonda,69295.50000000001,55363.00000000001,5553.6,6222.3,1935.0,221.60000000000002,0.0
PARVATHIPURAM MANYAM,Parvathipuram,49725.3,27352.600000000002,17648.8,3592.7999999999997,993.9,137.20000000000002,0.0
PARVATHIPURAM MANYAM,Salur,60081.7,40425.0,9113.0,4107.0,5933.099999999999,503.6,0.0
PARVATHIPURAM MANYAM,Seethampeta,57447.3,46996.4,3338.4,1707.8999999999999,5403.0,1.6,0.0
PARVATHIPURAM MANYAM,Seethanagaram,38567.5,25504.600000000002,7199.400000000001,4683.3,1018.1999999999999,162.0,0.0
PARVATHIPURAM MANYAM,Veeraghattam,42379.700000000004,32546.800000000003,4271.8,4465.8,893.6999999999999,201.60000000000002,0.0
PRAKASAM,Ardhaveedu,66708.7,6105.000000000001,51032.8,6661.5,2909.4,0.0,0.0
PRAKASAM,Bestavaripeta,67703.29999999999,4103.0,53419.6,7091.7,3078.6,10.4,0.0
PRAKASAM,Chandrasekhara puram,106918.5,7062.000000000001,65028.600000000006,26394.0,8433.9,0.0,0.0
PRAKASAM,CHIMAKURTHY,80764.9,1366.2,68398.2,9280.5,1548.0,172.0,0.0
PRAKASAM,Cumbum,34234.4,2618.0,24744.2,5328.0,1519.8,24.400000000000002,0.0
PRAKASAM,Darsi,140481.40000000002,2688.4,127465.0,8380.199999999999,1894.1999999999998,53.6,0.0
PRAKASAM,Donakonda,51347.700000000004,6817.8,34138.0,8264.4,2081.1,46.400000000000006,0.0
PRAKASAM,Dornala,42151.200000000004,9754.800000000001,20397.0,8213.1,3745.5,40.800000000000004,0.0
PRAKASAM,Giddaluru,69390.5,5029.200000000001,48050.6,10810.199999999999,5316.9,183.60000000000002,0.0
PRAKASAM,Hanumanthuni Padu,61790.6,2085.6000000000004,44993.0,10629.6,4082.3999999999996,0.0,0.0
PRAKASAM,Kanigiri,109439.59999999999,2103.2000000000003,86312.2,14754.9,6248.099999999999,21.200000000000003,0.0
PRAKASAM,Komarolu,55854.5,2952.4,42718.0,7939.5,2244.6,0.0,0.0
PRAKASAM,Konakanamitla,75829.7,5247.0,57356.0,9062.1,4127.4,37.2,0.0
PRAKASAM,Kondapi,61610.5,968.0000000000001,50226.8,7925.099999999999,2428.2,62.400000000000006,0.0
PRAKASAM,KothaPatnam,31224.5,990.0000000000001,26889.2,3012.2999999999997,253.79999999999998,79.2,0.0
PRAKASAM,Kurichedu,56068.90000000001,5117.200000000001,43235.4,6580.5,1135.8,0.0,0.0
PRAKASAM,Maddipadu,31529.899999999998,926.2,25532.0,4560.599999999999,445.5,65.60000000000001,0.0
PRAKASAM,Markapuram,78273.1,4523.200000000001,60923.200000000004,10392.9,2359.7999999999997,74.0,0.0
PRAKASAM,Marripudi,59580.6,2930.4,44605.6,8496.9,3353.7,194.0,0.0
PRAKASAM,Mundlamuru,118900.5,1718.2,107203.2,8721.0,1227.3,30.8,0.0
PRAKASAM,Naguluppala Padu,43081.2,1887.6000000000001,36431.200000000004,4272.0,361.2,129.20000000000002,0.0
PRAKASAM,Ongole,52449.1,974.6,45149.0,5527.5,625.1999999999999,172.8,0.0
PRAKASAM,Pamur,85580.2,1610.4,61573.200000000004,16192.5,6114.9,89.2,0.0
PRAKASAM,PedacherloPalle,77644.5,358.6,62636.6,10357.199999999999,4292.099999999999,0.0,0.0
PRAKASAM,Peddaraveedu,68063.7,9418.2,40370.200000000004,13859.699999999999,4381.2,34.4,0.0
PRAKASAM,Podili,76552.1,2195.6000000000004,62524.8,8383.199999999999,3401.7,46.800000000000004,0.0
PRAKASAM,Ponnaluru,35678.0,2057.0,26449.8,5900.7,1246.5,24.0,0.0
PRAKASAM,Pullalacheruvu,67860.7,12905.2,41147.6,8375.699999999999,5419.8,12.4,0.0
PRAKASAM,Racherla,48952.9,4686.0,34512.4,7178.099999999999,2546.4,30.0,0.0
PRAKASAM,Santhanuthala Padu,41479.100000000006,855.8000000000001,34421.4,5212.8,883.5,105.60000000000001,0.0
PRAKASAM,Singarayakonda,36581.4,1568.6000000000001,30768.4,2415.9,1422.8999999999999,405.6,0.0
PRAKASAM,Tangutur,25691.9,411.40000000000003,21902.4,2634.6,579.9,163.60000000000002,0.0
PRAKASAM,Tarlupadu,50916.9,3418.8,31800.600000000002,12792.0,2900.7,4.800000000000001,0.0
PRAKASAM,Thalluru,77351.1,891.0000000000001,66227.2,8608.8,1611.3,12.8,0.0
PRAKASAM,Tripuranthakam,73824.8,5563.8,53843.4,12051.3,2233.5,132.8,0.0
PRAKASAM,Veligandla,70521.70000000001,2200.0,51604.8,11517.9,5199.0,0.0,0.0
PRAKASAM,Yerragondapalem,63664.9,10309.2,38872.6,10203.9,4173.599999999999,105.60000000000001,0.0
PRAKASAM,ZARUGUMALLI,32199.000000000004,970.2,26660.4,3468.0,1100.3999999999999,0.0,0.0
NELLORE,Allur,29270.699999999997,3894.0000000000005,23452.0,1500.6,392.09999999999997,32.0,0.0
NELLORE,Ananthasagaram,57888.8,5447.200000000001,42226.6,5687.7,4527.3,0.0,0.0
NELLORE,Anumasamudrampeta,40503.600000000006,3471.6000000000004,31293.600000000002,4165.5,1572.8999999999999,0.0,0.0
NELLORE,Atmakur,58228.600000000006,2776.4,48185.8,4735.8,2256.6,274.0,0.0
NELLORE,Bogole,32497.300000000003,2323.2000000000003,25480.0,3877.2,816.9,0.0,0.0
NELLORE,Buchireddipalem,30059.100000000002,3737.8,24871.600000000002,994.8,400.5,54.400000000000006,0.0
NELLORE,Chejerla,54347.0,3165.8,39473.200000000004,9381.3,2294.7,32.0,0.0
NELLORE,Dagadarthi,52702.200000000004,1731.4,45484.4,4419.0,1067.3999999999999,0.0,0.0
NELLORE,Duttalur,41309.5,1320.0,31319.600000000002,6347.4,2309.7,12.8,0.0
NELLORE,Gudluru,55589.8,1482.8000000000002,46293.0,6248.099999999999,1527.8999999999999,38.0,0.0
NELLORE,Indukurpet,23497.2,2807.2000000000003,18145.4,1891.5,653.1,0.0,0.0
NELLORE,Jaladanki,55638.899999999994,2222.0,42715.4,8980.199999999999,1664.1,57.2,0.0
NELLORE,Kaligiri,76849.9,3438.6000000000004,59012.200000000004,11655.9,2743.2,0.0,0.0
NELLORE,Kaluvoya,48622.8,3984.2000000000003,29985.8,11103.3,3491.1,58.400000000000006,0.0
NELLORE,Kandukur,54184.70000000001,734.8000000000001,46677.8,5277.9,1283.3999999999999,210.8,0.0
NELLORE,Kavali,95988.2,4945.6,82841.2,6570.599999999999,1550.3999999999999,80.4,0.0
NELLORE,Kodavalur,25509.2,1625.8000000000002,21704.8,1714.2,464.4,0.0,0.0
NELLORE,Kondapuram,57883.200000000004,1819.4,45151.6,8576.4,2335.7999999999997,0.0,0.0
NELLORE,Kovur,16239.000000000002,2433.2000000000003,12370.800000000001,819.0,510.0,106.0,0.0
NELLORE,Lingasamudram,49869.5,701.8000000000001,38989.6,8171.4,2006.6999999999998,0.0,0.0
NELLORE,Manubolu,42045.200000000004,5363.6,33118.8,2508.9,1026.3,27.6,0.0
NELLORE,Marripadu,69023.2,5720.000000000001,48986.6,9628.5,4688.099999999999,0.0,0.0
NELLORE,Muthukur,35737.1,7532.8,25716.600000000002,1794.6,671.1,22.0,0.0
NELLORE,Nellore Rural,70422.4,6879.400000000001,54795.0,6675.3,1880.6999999999998,192.0,0.0
NELLORE,Podalakur,93020.79999999999,7506.400000000001,64677.600000000006,15253.199999999999,5209.2,374.40000000000003,0.0
NELLORE,Rapur,63617.600000000006,11776.6,25846.600000000002,18636.6,7341.0,16.8,0.0
NELLORE,Sangam,37971.0,1489.4,33742.8,2099.1,622.5,17.2,0.0
NELLORE,Seetharamapuram,51438.9,2967.8,29965.0,16447.2,2058.9,0.0,0.0
NELLORE,Sydapuram,60205.6,9024.400000000001,31878.600000000002,12574.199999999999,6604.8,123.60000000000001,0.0
NELLORE,Thotapalligudur,37710.5,4646.400000000001,30212.0,1764.0,1088.1,0.0,0.0
NELLORE,Udayagiri,62393.799999999996,3388.0000000000005,40232.4,12443.699999999999,6329.7,0.0,0.0
NELLORE,Ulavapadu,31121.2,1894.2,25667.2,2445.6,1114.2,0.0,0.0
NELLORE,Varikuntapadu,95344.3,1834.8000000000002,71063.2,17238.0,5208.3,0.0,0.0
NELLORE,Venkatachalam,63008.600000000006,9380.800000000001,45154.200000000004,6620.099999999999,1800.3,53.2,0.0
NELLORE,Vidavalur,28718.500000000004,2699.4,22859.2,2659.2,500.7,0.0,0.0
NELLORE,Vinjamur,52530.600000000006,1936.0000000000002,42346.200000000004,5115.0,3099.0,34.4,0.0
NELLORE,Voletivaripalem,54289.9,1157.2,43924.4,7248.0,1944.3,16.0,0.0
SRI SATYASAI,Agali,42007.200000000004,17032.4,12802.4,10591.5,1564.5,16.400000000000002,0.0
SRI SATYASAI,Amadaguru,29534.0,14130.6,4375.8,9543.6,1401.6,82.4,0.0
SRI SATYASAI,Amarapuram,51283.90000000001,16123.800000000001,15082.6,16973.7,2929.7999999999997,174.0,0.0
SRI SATYASAI,Bathalapalli,50002.799999999996,15430.800000000001,7753.2,24722.1,2096.7,0.0,0.0
SRI SATYASAI,Bukkapatnam,52940.30000000001,16154.600000000002,9235.2,24510.3,2971.7999999999997,68.4,0.0
SRI SATYASAI,Chennekothapalle,60024.6,22169.4,13543.4,21716.7,2495.1,100.0,0.0
SRI SATYASAI,Chilamathur,46292.0,29900.2,4396.6,9802.199999999999,2043.0,150.0,0.0
SRI SATYASAI,Dharmavaram,85521.20000000001,30626.2,24567.4,26795.7,3317.1,214.8,0.0
SRI SATYASAI,Gandlapenta,38314.700000000004,17894.800000000003,5878.6,10533.0,3979.5,28.8,0.0
SRI SATYASAI,Gorantla,73550.79999999999,40222.600000000006,15678.0,12911.4,4718.4,20.400000000000002,0.0
SRI SATYASAI,Gudibanda,55018.8,19654.800000000003,13655.2,17866.8,3804.0,38.0,0.0
SRI SATYASAI,Hindupur,41086.70000000001,21225.600000000002,11999.0,5658.3,1953.0,250.8,0.0
SRI SATYASAI,Kadiri,52239.700000000004,19166.4,12945.4,17126.7,2936.4,64.8,0.0
SRI SATYASAI,Kanaganapalle,85834.79999999999,22222.2,11583.0,46891.5,5117.7,20.400000000000002,0.0
SRI SATYASAI,Kothacheruvu,55261.49999999999,21012.2,7935.2,21786.3,4180.2,347.6,0.0
SRI SATYASAI,Lepakshi,28701.300000000003,17058.800000000003,5343.0,4939.8,1353.3,6.4,0.0
SRI SATYASAI,Madakasira,62460.60000000001,30096.000000000004,16278.6,10818.3,5076.9,190.8,0.0
SRI SATYASAI,Mudigubba,89480.29999999999,23744.600000000002,14281.800000000001,43332.0,8121.9,0.0,0.0
SRI SATYASAI,Nallacheruvu,51007.2,15045.800000000001,9984.0,21059.399999999998,4897.2,20.8,0.0
SRI SATYASAI,Nallamada,70769.8,17659.4,10072.4,30189.3,12848.699999999999,0.0,0.0
SRI SATYASAI,Nambulipulikunta,58574.5,21313.600000000002,11055.2,21635.7,4509.599999999999,60.400000000000006,0.0
SRI SATYASAI,Obuladevaracheruvu,57865.00000000001,22341.0,8400.6,23434.2,3460.7999999999997,228.4,0.0
SRI SATYASAI,Parigi,59839.7,35805.0,14877.2,4972.5,4137.0,48.0,0.0
SRI SATYASAI,Penukonda,40431.9,13717.000000000002,11562.2,9473.1,5667.599999999999,12.0,0.0
SRI SATYASAI,Puttaparthi,51370.200000000004,26637.600000000002,8931.0,12437.699999999999,3329.1,34.800000000000004,0.0
SRI SATYASAI,Ramagiri,64508.6,16816.800000000003,8957.0,31896.899999999998,6810.3,27.6,0.0
SRI SATYASAI,Roddam,51966.700000000004,19338.0,17235.4,11936.4,3417.2999999999997,39.6,0.0
SRI SATYASAI,Rolla,53141.8,27207.4,10457.2,12737.699999999999,2606.7,132.8,0.0
SRI SATYASAI,Somandepalle,36604.8,16519.800000000003,8710.0,7815.0,3382.7999999999997,177.20000000000002,0.0
SRI SATYASAI,Tadimarri,69128.3,22061.600000000002,15233.4,28437.6,3395.7,0.0,0.0
SRI SATYASAI,Talupula,71753.1,30126.800000000003,16429.4,16985.399999999998,8209.5,2.0,0.0
SRI SATYASAI,Tanakal,64412.8,29968.4,4615.0,24354.899999999998,5307.3,167.20000000000002,0.0
SRIKAKULAM,Amadalavalasa,58261.100000000006,45498.200000000004,7464.6,4287.3,1011.0,0.0,0.0
SRIKAKULAM,Burja,47449.1,40330.4,1549.6000000000001,4137.0,1356.8999999999999,75.2,0.0
SRIKAKULAM,Etcherla,58951.20000000001,46101.00000000001,6461.0,2695.7999999999997,3672.6,20.8,0.0
SRIKAKULAM,GANGUVARI SIGADAM,52176.50000000001,39635.200000000004,4778.8,6383.4,1364.7,14.4,0.0
SRIKAKULAM,Gara,78246.5,59928.00000000001,9146.800000000001,7267.2,1874.1,30.400000000000002,0.0
SRIKAKULAM,Hiramandalam,69971.10000000002,62117.00000000001,4867.2,1715.1,1236.6,35.2,0.0
SRIKAKULAM,ICHAPURAM,46224.600000000006,24838.000000000004,17518.8,2071.7999999999997,1738.8,57.2,0.0
SRIKAKULAM,Jalumuru,73054.2,61954.200000000004,5064.8,4955.099999999999,1068.8999999999999,11.200000000000001,0.0
SRIKAKULAM,Kanchili,54101.8,37001.8,11915.800000000001,3865.2,1284.6,34.4,0.0
SRIKAKULAM,Kaviti,57911.50000000001,33103.4,20563.4,937.8,3306.9,0.0,0.0
SRIKAKULAM,Kotabommali,90245.30000000002,70866.40000000001,7540.0,10487.1,1299.0,52.800000000000004,0.0
SRIKAKULAM,Kothuru,71252.29999999999,60757.4,7904.0,1527.0,967.5,96.4,0.0
SRIKAKULAM,L.N.PETA,34421.4,27728.800000000003,1640.6000000000001,3898.5,1153.5,0.0,0.0
SRIKAKULAM,Laveru,72285.3,53836.200000000004,9633.0,6386.099999999999,2430.0,0.0,0.0
SRIKAKULAM,Mandasa,91658.4,34328.8,51695.8,3186.9,2339.7,107.2,0.0
SRIKAKULAM,Meliaputti,54094.700000000004,46629.00000000001,2015.0,2996.4,2396.7,57.6,0.0
SRIKAKULAM,Nandigam,68995.50000000001,52879.200000000004,4641.0,9611.699999999999,1845.6,18.0,0.0
SRIKAKULAM,Narasannapeta,61446.3,46536.600000000006,11263.2,2862.6,783.9,0.0,0.0
SRIKAKULAM,Palasa,55328.3,40026.8,7339.8,5795.099999999999,2127.0,39.6,0.0
SRIKAKULAM,Pathapatnam,54665.700000000004,45399.200000000004,4828.2,2661.9,1686.0,90.4,0.0
SRIKAKULAM,Polaki,66179.50000000001,52619.600000000006,6507.8,5226.0,1804.5,21.6,0.0
SRIKAKULAM,Ponduru,90803.1,73359.0,6299.8,9115.5,2010.0,18.8,0.0
SRIKAKULAM,Ranasthalam,57939.7,36590.4,7542.6,11966.699999999999,1830.0,10.0,0.0
SRIKAKULAM,Santhabommali,58862.6,45080.200000000004,5127.2,7641.9,995.6999999999999,17.6,0.0
SRIKAKULAM,Saravakota,30715.300000000003,23683.000000000004,2041.0,3301.5,1674.6,15.200000000000001,0.0
SRIKAKULAM,Sarubujjili,32492.100000000002,27810.2,1479.4,2250.0,952.5,0.0,0.0
SRIKAKULAM,Sompeta,54166.700000000004,40315.0,9880.0,3312.0,633.3,26.400000000000002,0.0
SRIKAKULAM,Srikakulam,78118.40000000001,55030.8,16008.2,5700.0,1351.8,27.6,0.0
SRIKAKULAM,Tekkali,54678.5,38060.0,10407.800000000001,4490.099999999999,1551.0,169.60000000000002,0.0
SRIKAKULAM,Vajrapukothuru,52083.50000000001,43949.4,4258.8,2197.7999999999997,1667.1,10.4,0.0
TIRUPATI,Balayapalle,49238.700000000004,8291.800000000001,32614.4,5812.2,2520.2999999999997,0.0,0.0
TIRUPATI,BUCHINAIDU KHANDRIGA,37761.200000000004,13065.800000000001,14822.6,7162.5,2166.2999999999997,544.0,0.0
TIRUPATI,Chandragiri,39698.299999999996,31948.4,2691.0,1202.7,3856.2,0.0,0.0
TIRUPATI,Chillakur,54148.9,9869.2,36033.4,5868.599999999999,2366.1,11.600000000000001,0.0
TIRUPATI,Chinnagottigallu,29935.600000000002,27110.600000000002,104.0,1851.0,870.0,0.0,0.0
TIRUPATI,Chittamur,41208.4,10353.2,24429.600000000002,5007.599999999999,1380.0,38.0,0.0
TIRUPATI,Dakkili,68335.8,10003.400000000001,47762.0,7107.3,3453.9,9.200000000000001,0.0
TIRUPATI,Doravarisatram,50363.50000000001,10142.0,23805.600000000002,13911.0,2474.1,30.8,0.0
TIRUPATI,Gudur,49037.9,4501.200000000001,32050.2,10074.0,2374.5,38.0,0.0
TIRUPATI,K.V.B.Puram,55207.0,31468.800000000003,15758.6,4965.3,3005.1,9.200000000000001,0.0
TIRUPATI,Kota,39220.5,8316.0,26930.8,3042.6,719.1,212.0,0.0
TIRUPATI,Nagalapuram,35547.399999999994,18409.600000000002,13673.4,1334.7,2129.7,0.0,0.0
TIRUPATI,Naidupet,36937.2,5854.200000000001,24567.4,5231.4,1191.0,93.2,0.0
TIRUPATI,Narayanavanam,16794.100000000002,11712.800000000001,2295.8,1494.6,1145.7,145.20000000000002,0.0
TIRUPATI,Ojili,60769.100000000006,6938.8,40648.4,9593.4,3524.1,64.4,0.0
TIRUPATI,Pakala,39489.20000000001,35734.600000000006,309.40000000000003,1428.8999999999999,2016.3,0.0,0.0
TIRUPATI,Pellakur,42465.40000000001,8740.6,21988.2,9822.3,1914.3,0.0,0.0
TIRUPATI,Pichatur,23097.7,12445.400000000001,6754.8,1872.6,1894.5,130.4,0.0
TIRUPATI,Puttur,26932.199999999997,19912.2,3486.6,1867.8,1665.6,0.0,0.0
TIRUPATI,Ramachandrapuram,22458.500000000004,18587.800000000003,988.0,1319.1,1465.2,98.4,0.0
TIRUPATI,Renigunta,28603.7,16511.0,8996.0,2143.5,890.4,62.800000000000004,0.0
TIRUPATI,Satyavedu,48177.00000000001,18755.0,19918.600000000002,4084.5,5330.099999999999,88.80000000000001,0.0
TIRUPATI,Srikalahasthi,71557.70000000001,32071.600000000002,27476.8,10051.199999999999,1958.1,0.0,0.0
TIRUPATI,Sullurpeta,42892.70000000001,10945.0,26574.600000000002,4284.3,1058.3999999999999,30.400000000000002,0.0
TIRUPATI,Tada,26698.0,7594.400000000001,15275.0,2892.6,936.0,0.0,0.0
TIRUPATI,Thottambedu,41663.9,21397.2,14526.2,4893.3,847.1999999999999,0.0,0.0
TIRUPATI,Tirupati Rural,27294.3,16513.2,7248.8,2086.7999999999997,1442.7,2.8000000000000003,0.0
TIRUPATI,Tirupati Urban,15211.900000000001,5691.400000000001,8187.400000000001,509.09999999999997,420.0,404.0,0.0
TIRUPATI,Vadamalapeta,22691.5,16513.2,1822.6000000000001,2064.0,2268.9,22.8,0.0
TIRUPATI,Vakadu,34259.6,10505.0,20116.2,2675.4,942.5999999999999,20.400000000000002,0.0
TIRUPATI,Varadaiahpalem,38516.2,9259.800000000001,24317.8,3751.2,1187.3999999999999,0.0,0.0
TIRUPATI,Venkatagiri,46611.799999999996,9785.6,27021.8,6380.7,3394.5,29.200000000000003,0.0
TIRUPATI,Yerpedu,43769.4,24816.000000000004,12984.4,3606.0,2053.7999999999997,309.20000000000005,0.0
TIRUPATI,Yerravaripalem,40569.700000000004,33404.8,561.6,4932.9,1670.3999999999999,0.0,0.0
VISAKHAPATNAM,Anandapuram,31185.5,12102.2,15256.800000000001,2083.7999999999997,1742.7,0.0,0.0
VISAKHAPATNAM,Bheemunipatnam,27298.7,14636.6,8307.0,3207.9,1147.2,0.0,0.0
VISAKHAPATNAM,Gajuwaka,15350.4,5640.8,9123.4,219.9,366.3,0.0,0.0
VISAKHAPATNAM,Padmanabham,48837.5,27682.600000000002,16512.600000000002,3165.6,1472.7,4.0,0.0
VISAKHAPATNAM,Pedagantyada,7736.5,2855.6000000000004,3741.4,240.89999999999998,648.6,250.0,0.0
VISAKHAPATNAM,Pendurthi,37320.40000000001,7928.800000000001,25248.600000000002,1227.8999999999999,2862.2999999999997,52.800000000000004,0.0
VISAKHAPATNAM,Visakhapatnam Rural,20331.8,6993.8,11728.6,648.6,937.1999999999999,23.6,0.0
VISAKHAPATNAM,Visakhapatnam Urban,3028.1,1401.4,1346.8,118.5,161.4,0.0,0.0
VIZIANAGARAM,Badangi,34345.40000000001,23834.800000000003,5704.400000000001,3760.7999999999997,753.0,292.40000000000003,0.0
VIZIANAGARAM,Bhogapuram,24765.7,15576.000000000002,5285.8,2719.7999999999997,1184.1,0.0,0.0
VIZIANAGARAM,Bobbili,55917.40000000001,34630.200000000004,12331.800000000001,7450.5,1112.1,392.8,0.0
VIZIANAGARAM,Bondapalle,32613.7,17241.4,8892.0,4971.599999999999,1491.8999999999999,16.8,0.0
VIZIANAGARAM,Cheepurupalli,30778.000000000004,21357.600000000002,5285.8,3375.2999999999997,726.9,32.4,0.0
VIZIANAGARAM,Dattirajeru,32853.4,18796.800000000003,5941.0,7017.0,1053.0,45.6,0.0
VIZIANAGARAM,Denkada,40415.40000000001,28237.000000000004,5621.2,4635.9,1870.5,50.800000000000004,0.0
VIZIANAGARAM,Gajapathinagaram,27430.2,15305.400000000001,7371.0,4057.7999999999997,672.0,24.0,0.0
VIZIANAGARAM,Gantyada,50699.600000000006,25814.800000000003,17063.8,6749.7,1044.8999999999999,26.400000000000002,0.0
VIZIANAGARAM,Garividi,29046.8,22389.4,2758.6,2704.5,1188.3,6.0,0.0
VIZIANAGARAM,Gurla,44518.2,32513.800000000003,5995.6,4776.599999999999,1221.0,11.200000000000001,0.0
VIZIANAGARAM,Jami,42338.6,15408.800000000001,20425.600000000002,5735.4,673.1999999999999,95.60000000000001,0.0
VIZIANAGARAM,Kothavalasa,30079.5,7572.400000000001,20124.0,1287.3,1062.6,33.2,0.0
VIZIANAGARAM,Lakkavarapukota,38523.0,12064.800000000001,21372.0,4137.599999999999,881.4,67.2,0.0
VIZIANAGARAM,Mentada,36534.899999999994,24180.2,8551.4,2307.6,1385.7,110.0,0.0
VIZIANAGARAM,Merakamudidam,32031.5,25381.4,2498.6,2864.7,1240.8,46.0,0.0
VIZIANAGARAM,Nellimarla,38978.600000000006,26122.800000000003,6567.6,4746.599999999999,1516.8,24.8,0.0
VIZIANAGARAM,Pusapatirega,39181.8,27975.2,5621.2,4126.5,1458.8999999999999,0.0,0.0
VIZIANAGARAM,Rajam,53305.700000000004,43925.200000000004,5421.0,3246.0,663.9,49.6,0.0
VIZIANAGARAM,Ramabhadrapuram,40850.700000000004,31374.2,3931.2000000000003,3286.2,2100.2999999999997,158.8,0.0
VIZIANAGARAM,Regidi Amadalavalasa,96778.5,76150.8,15836.6,3763.2,999.9,28.0,0.0
VIZIANAGARAM,Santhakaviti,65405.9,53358.8,7051.2,3568.2,1413.3,14.4,0.0
VIZIANAGARAM,Srungavarapukota,41839.5,13926.000000000002,23332.4,3264.9,1035.0,281.2,0.0
VIZIANAGARAM,Therlam,38951.6,29913.4,3101.8,4455.599999999999,1345.2,135.6,0.0
VIZIANAGARAM,Vangara,56305.8,42444.600000000006,7475.0,4431.9,1706.7,247.60000000000002,0.0
VIZIANAGARAM,Vepada,41631.9,12293.6,23966.8,2966.7,2404.7999999999997,0.0,0.0
VIZIANAGARAM,Vizianagaram,38355.7,17034.600000000002,17453.8,2735.7,937.1999999999999,194.4,0.0
WESTGODAVARI,Achanta,20544.5,3493.6000000000004,16637.4,296.4,67.5,49.6,0.0
WESTGODAVARI,Akividu,22298.0,2466.2000000000003,19466.2,193.2,165.6,6.800000000000001,0.0
WESTGODAVARI,Attili,20075.9,1586.2,17885.4,107.1,97.2,400.0,0.0
WESTGODAVARI,Bhimavaram,38640.899999999994,5106.200000000001,31473.0,987.5999999999999,978.9,95.2,0.0
WESTGODAVARI,Ganapavaram,27133.9,2299.0,24546.600000000002,111.0,122.1,55.2,0.0
WESTGODAVARI,Iragavaram,24278.9,3392.4,20386.600000000002,134.1,244.2,121.60000000000001,0.0
WESTGODAVARI,Kalla,23521.700000000004,2789.6000000000004,19853.600000000002,543.0,325.5,10.0,0.0
WESTGODAVARI,Mogalthur,40262.8,5814.6,29954.600000000002,2768.7,1720.5,4.4,0.0
WESTGODAVARI,Narsapuram,28967.699999999997,4862.0,21073.0,1774.8,1254.3,3.6,0.0
WESTGODAVARI,Palacole,22409.900000000005,3885.2000000000003,17877.600000000002,339.9,289.2,18.0,0.0
WESTGODAVARI,PALAKODERU,18704.6,2380.4,15945.800000000001,77.1,263.7,37.6,0.0
WESTGODAVARI,Pentapadu,38388.200000000004,4899.400000000001,33191.6,95.39999999999999,167.4,34.4,0.0
WESTGODAVARI,Penugonda,28277.100000000002,5064.400000000001,22880.0,103.2,229.5,0.0,0.0
WESTGODAVARI,Penumantra,15837.599999999999,1771.0000000000002,13780.0,62.4,191.4,32.800000000000004,0.0
WESTGODAVARI,Poduru,17931.5,4063.4000000000005,13647.4,26.4,110.7,83.60000000000001,0.0
WESTGODAVARI,Tadepalligudem,71665.2,5887.200000000001,63039.6,1952.6999999999998,676.5,109.2,0.0
WESTGODAVARI,Tanuku,20678.6,2428.8,17932.2,138.0,117.6,62.0,0.0
WESTGODAVARI,Undi,23318.5,2226.4,20545.2,253.5,253.79999999999998,39.6,0.0
WESTGODAVARI,Veeravasaram,19332.700000000004,2178.0,16918.2,59.699999999999996,158.4,18.400000000000002,0.0
WESTGODAVARI,Yelamanchili,21373.999999999996,3594.8,16939.0,426.59999999999997,276.0,137.6,0.0
KADAPA,Atlur,30962.399999999998,1416.8000000000002,23327.2,4412.099999999999,1806.3,0.0,0.0
KADAPA,B.Kodur,39119.6,965.8000000000001,26462.8,9887.4,1803.6,0.0,0.0
KADAPA,Badvel,52818.90000000001,1973.4,42268.200000000004,7395.299999999999,1054.8,127.2,0.0
KADAPA,Brahmamgarimattam,46065.49999999999,919.6,30284.8,12603.0,2258.1,0.0,0.0
KADAPA,Chakrayapet,76881.1,24494.800000000003,26699.4,15976.5,9300.0,410.40000000000003,0.0
KADAPA,Chapadu,53866.2,7277.6,39871.0,4950.0,1767.6,0.0,0.0
KADAPA,Chennur,23079.5,1370.6000000000001,15301.0,5609.4,754.5,44.0,0.0
KADAPA,Chinthakommadinne,23420.600000000006,2866.6000000000004,14851.2,3884.3999999999996,1818.0,0.4,0.0
KADAPA,Duvvur,43812.4,4305.400000000001,32229.600000000002,5497.5,1746.3,33.6,0.0
KADAPA,Gopavaram,34218.5,2004.2000000000003,25490.4,4916.7,1807.2,0.0,0.0
KADAPA,Jammalamadugu,35118.5,3544.2000000000003,22898.2,5490.3,2856.6,329.20000000000005,0.0
KADAPA,Kadapa,57083.4,4439.6,48266.4,2142.0,2106.6,128.8,0.0
KADAPA,Kalasapadu,37252.299999999996,1678.6000000000001,29850.600000000002,4229.4,1493.7,0.0,0.0
KADAPA,Kamalapuram,45750.2,2774.2000000000003,33883.200000000004,7347.599999999999,1561.2,184.0,0.0
KADAPA,Khajipeta,48229.2,4147.0,36857.6,5733.599999999999,1483.8,7.2,0.0
KADAPA,Kondapuram,44678.5,5964.200000000001,26351.0,10178.699999999999,2140.2,44.400000000000006,0.0
KADAPA,Lingala,25962.100000000002,4760.8,14328.6,4296.0,2576.7,0.0,0.0
KADAPA,Muddanur,43771.5,2008.6000000000001,20490.600000000002,18069.0,3189.2999999999997,14.0,0.0
KADAPA,Mylavaram,51121.299999999996,4892.8,23579.4,17897.399999999998,4679.7,72.0,0.0
KADAPA,PEDDAMUDIAM,36740.4,2796.2000000000003,25612.600000000002,6444.9,1886.6999999999998,0.0,0.0
KADAPA,Pendlimarri,52996.299999999996,4840.0,27697.8,16710.3,3588.6,159.60000000000002,0.0
KADAPA,Porumamilla,67955.90000000001,2827.0000000000005,51412.4,10451.4,3187.5,77.60000000000001,0.0
KADAPA,Proddutur,50316.2,4153.6,36030.8,8636.1,1412.1,83.60000000000001,0.0
KADAPA,Pulivendula,26145.6,2851.2000000000003,15329.6,5788.2,2101.7999999999997,74.8,0.0
KADAPA,Rajupalem,28977.200000000004,2668.6000000000004,21868.600000000002,2382.6,2057.4,0.0,0.0
KADAPA,S.Mydukur,63151.5,7803.400000000001,42205.8,9346.199999999999,3776.1,20.0,0.0
KADAPA,Sidhout,24626.3,2087.8,18779.8,797.6999999999999,2952.6,8.4,0.0
KADAPA,Simhadripuram,33396.3,4545.200000000001,21944.0,5110.5,1768.2,28.400000000000002,0.0
KADAPA,Sri Avadhuth Kasinayana,43219.200000000004,2921.6000000000004,30612.4,7711.799999999999,1973.3999999999999,0.0,0.0
KADAPA,Thondur,25218.9,1544.4,14157.0,8041.5,1476.0,0.0,0.0
KADAPA,Vallur,40414.0,2120.8,28548.0,8577.9,1167.3,0.0,0.0
KADAPA,Veerapunayuni Palle,36120.0,2136.2000000000003,15956.2,15317.699999999999,2709.9,0.0,0.0
KADAPA,Vempalli,45360.700000000004,8441.400000000001,19897.8,11294.699999999999,5470.8,256.0,0.0
KADAPA,Vemula,30107.4,2569.6000000000004,13215.800000000001,11382.3,2939.7,0.0,0.0
KADAPA,Vontimitta,30870.9,8340.2,16861.0,2400.0,3257.7,12.0,0.0
KADAPA,Yerraguntla,32658.7,1489.4,23462.4,6133.5,1477.8,95.60000000000001,0.0
